Actual_Scaled,Predicted_Scaled,Error,Absolute_Error,Squared_Error
0.13453219367386632,0.15530059,-0.020768393741828872,0.020768393741828872,0.00043132617861563666
0.15694543965605487,0.15853292,-0.001587477843487367,0.001587477843487367,2.5200859035633015e-06
0.15864673968676427,0.1620067,-0.0033599663126101242,0.0033599663126101242,1.1289373621874875e-05
0.13290561981779095,0.1609478,-0.02804217986482624,0.02804217986482624,0.0007863638515712662
0.13527791995086497,0.16097376,-0.025695837554551904,0.025695837554551904,0.0006602760676299199
0.16014740505681235,0.16189098,-0.0017435785247306157,0.0017435785247306157,3.0400660719017904e-06
0.12919643771112702,0.16083157,-0.03163513291417816,0.03163513291417816,0.0010007816344977183
0.1725412017606715,0.1618736,0.010667607834241755,0.010667607834241755,0.00011379785690517606
0.8314617668133892,0.70921296,0.12224880800067561,0.12224880800067561,0.01494477105758605
0.8446258573037158,0.7092355,0.13539036793527703,0.13539036793527703,0.018330551729649692
0.808475790766711,0.7091097,0.09936606719874841,0.09936606719874841,0.009873615310546185
0.838115467294503,0.70864403,0.12947143481617052,0.12947143481617052,0.01676285243335789
0.8195004606408025,0.7088869,0.11061353923501027,0.11061353923501027,0.012235355062095157
0.7707134814208209,0.70611763,0.06459585141593804,0.06459585141593804,0.004172624020149945
0.13213225509263998,0.16145003,-0.029317773326854646,0.029317773326854646,0.0008595318328448297
0.1320887501279558,0.15912452,-0.027035773273304586,0.027035773273304586,0.0007309330364855305
0.1354637117412222,0.15617779,-0.020714077231632405,0.020714077231632405,0.000429072995558032
0.13892721875319888,0.15492928,-0.01600206152786801,0.01600206152786801,0.0002560659731416735
0.12533933872453681,0.1552526,-0.029913266952114187,0.029913266952114187,0.0008948035397484468
0.13592998259801412,0.15573232,-0.019802336160950423,0.019802336160950423,0.00039213251743128473
0.21371071757600574,0.18205816,0.031652562039354126,0.031652562039354126,0.0010018846836551618
0.2112882587777664,0.18445876,0.026829496370463557,0.026829496370463557,0.0007198218754927172
0.21325468318149246,0.1822165,0.031038187905995024,0.031038187905995024,0.0009633691084878558
0.20928754222540688,0.18058515,0.028702396275089498,0.028702396275089498,0.0008238275519322714
0.20682874398607842,0.17631817,0.030510575345941704,0.030510575345941704,0.0009308952079403858
0.21517453168185072,0.17737877,0.0377957579925807,0.0377957579925807,0.0014285193222337276
0.1443955369024465,0.16502133,-0.020625793215732824,0.020625793215732824,0.00042542334577817017
0.12510492373835602,0.16781017,-0.04270524810421905,0.04270524810421905,0.0018237382156429049
0.13194799877162453,0.16888946,-0.036941464176220934,0.036941464176220934,0.0013646717754830146
0.12932439348960997,0.1689297,-0.039605302593458874,0.039605302593458874,0.0015685799935194402
0.12725202170130004,0.1675233,-0.04027127298597108,0.04027127298597108,0.001621775427910604
0.12823523390316308,0.16459885,-0.036363618492848276,0.036363618492848276,0.001322312749893417
0.23752482342102568,0.24212193,-0.004597111469721388,0.004597111469721388,2.1133433865043938e-05
0.23735899273211178,0.24381134,-0.006452346407826576,0.006452346407826576,4.163277416659252e-05
0.23249001944927833,0.24559024,-0.013100220313981559,0.013100220313981559,0.00017161577227485508
0.22517401985873683,0.24362472,-0.018450697138409772,0.018450697138409772,0.00034042822489332254
0.23264970826082507,0.24279934,-0.010149633417794318,0.010149633417794318,0.00010301505851560717
0.23466782679905826,0.24178821,-0.007120381685591398,0.007120381685591398,5.06998353485054e-05
0.19472412734159075,0.17224175,0.022482379962287774,0.022482379962287774,0.0005054574087686788
0.18753505988330432,0.17156994,0.015965116455264772,0.015965116455264772,0.000254884943430166
0.19633995291227352,0.17127606,0.02506389018529903,0.02506389018529903,0.0006281985912207291
0.18743730166854333,0.17169572,0.015741577538866514,0.015741577538866514,0.0002477972634121467
0.196696693622684,0.17212158,0.024575109207248202,0.024575109207248202,0.0006039359925481754
0.1898566895280991,0.17441058,0.01544610793935397,0.01544610793935397,0.00023858225047417375
0.22863036134711845,0.21949723,0.009133127717891765,0.009133127717891765,8.341402191132284e-05
0.20097502303204012,0.21837467,-0.017399646519809242,0.017399646519809242,0.0003027476990143099
0.23632818098065309,0.21949878,0.01682939763066224,0.01682939763066224,0.00028322862461093985
0.23243115979117615,0.21966061,0.01277054983062012,0.01277054983062012,0.00016308694297635158
0.22474511208926193,0.22165218,0.003092932132825771,0.003092932132825771,9.566229178266172e-06
0.25300337803255196,0.21820894,0.03479443919550057,0.03479443919550057,0.0012106529989293865
0.22313440474971846,0.25813854,-0.035004132657202924,0.035004132657202924,0.0012252893030830602
0.25762565257447023,0.25888893,-0.001263277507850935,0.001263277507850935,1.5958700618420693e-06
0.2365380284573651,0.25755647,-0.021018439791002208,0.021018439791002208,0.00044177481124798494
0.25039615109018326,0.25819874,-0.00780258700796127,0.00780258700796127,6.088036401680601e-05
0.24193059678575082,0.25963047,-0.01769987468222098,0.01769987468222098,0.0003132855637663272
0.26828488074521445,0.2631447,0.0051401790259303914,0.0051401790259303914,2.6421440418614708e-05
0.6250435049646842,0.6413954,-0.01635188506903773,0.01635188506903773,0.00026738414531101904
0.6866977172689118,0.653155,0.03354268844887398,0.03354268844887398,0.001125111948378224
0.6600624424198996,0.65166575,0.00839669525421971,0.00839669525421971,7.050449119223581e-05
0.6827515610604974,0.65425795,0.028493607893535722,0.028493607893535722,0.0008118856907905612
0.6657487972156823,0.6735856,-0.007836796484726682,0.007836796484726682,6.141537914302449e-05
0.6194799877162452,0.6908064,-0.07132640113873523,0.07132640113873523,0.00508745549940377
0.2055394615620841,0.16325304,0.0422864224404563,0.0422864224404563,0.001788141522812726
0.18578871941856892,0.16283667,0.022952048543019604,0.022952048543019604,0.0005267965323211283
0.19716757088750125,0.16357538,0.03359218984692813,0.03359218984692813,0.0011284352187120616
0.18616849216910636,0.164466,0.021702498526299352,0.021702498526299352,0.0004709984422840255
0.20685331149554712,0.16438127,0.042472045855288326,0.042472045855288326,0.0018038746791337143
0.18989609990787185,0.16747546,0.02242063794803298,0.02242063794803298,0.0005026850059967764
0.14246647558603745,0.16369647,-0.021229992290396876,0.021229992290396876,0.00045071257265031083
0.14643515201146481,0.1631028,-0.01666765360300662,0.01666765360300662,0.0002778106766298196
0.144482035008701,0.16175261,-0.017270576389995906,0.017270576389995906,0.00029827280884268405
0.21748899580305048,0.16340217,0.05408682586019464,0.05408682586019464,0.00292538473163102
0.14725867540178114,0.16147324,-0.014214569026853502,0.014214569026853502,0.00020205397261918292
0.14531323574572627,0.15957078,-0.014257547630967454,0.014257547630967454,0.00020327766444930566
0.13064284983109836,0.15691972,-0.026276867957597927,0.026276867957597927,0.0006904737896610367
0.12984952400450403,0.15843493,-0.028585403459027464,0.028585403459027464,0.0008171252909153793
0.13507779711331763,0.15740657,-0.022328771413904047,0.022328771413904047,0.0004985740328543785
0.1299211792404545,0.15886375,-0.028942573839913555,0.028942573839913555,0.0008376725804788484
0.12391749411403417,0.15770546,-0.0337879619044137,0.0337879619044137,0.0011416263696541115
0.14216398812570374,0.15600386,-0.01383987449369628,0.01383987449369628,0.00019154212600126487
0.13838775719111474,0.15825051,-0.0198627535014817,0.0198627535014817,0.0003945289766606235
0.12949329511720747,0.158023,-0.028529704646281295,0.028529704646281295,0.0008139440472040445
0.12778687685535878,0.16064835,-0.03286146909190685,0.03286146909190685,0.001079876150878349
0.13278431773978913,0.15853292,-0.025748599759753105,0.025748599759753105,0.0006629903895879576
0.1379271163885761,0.15935332,-0.02142619944165461,0.02142619944165461,0.0004590820225135603
0.13499744088443033,0.15998366,-0.024986223866622526,0.024986223866622526,0.0006243113831129771
0.13012693213225507,0.15089351,-0.020766577255714902,0.020766577255714902,0.0004312507309175755
0.12386938274132459,0.15235981,-0.028490430710442383,0.028490430710442383,0.0008117046420665184
0.21924608455317843,0.15598887,0.06325721250193941,0.06325721250193941,0.00400147493351552
0.13487716245265635,0.15946081,-0.024583650354426778,0.024583650354426778,0.0006043558647487079
0.1295255399733852,0.16241863,-0.03289309372603191,0.03289309372603191,0.00108195561486952
0.12842972668645716,0.16250223,-0.03407250252725744,0.03407250252725744,0.0011609354284699645
0.22182413757805303,0.15793496,0.06388917387489751,0.06388917387489751,0.004081826538416887
0.13380335755962738,0.15480942,-0.0210060577807962,0.0210060577807962,0.0004412544634901486
0.12415446821578462,0.15279108,-0.02863661464325469,0.02863661464325469,0.000820055698226269
0.13250690961203807,0.1515115,-0.01900459563412435,0.01900459563412435,0.0003611746552165783
0.1279363292046269,0.15049018,-0.02255385045330921,0.02255385045330921,0.0005086761702702361
0.13465247210564027,0.14995226,-0.01529979053435912,0.01529979053435912,0.00023408359039526493
0.2128549493295117,0.14990386,0.06295108566106994,0.06295108566106994,0.003962839185907365
0.13541918313031018,0.15046543,-0.015046245698882937,0.015046245698882937,0.0002263895096311533
0.1333867335448869,0.14964384,-0.016257104860722238,0.016257104860722238,0.0002642934584525186
0.13883969700071655,0.15112193,-0.012282232287193912,0.012282232287193912,0.00015085322995658858
0.129009110451428,0.15237027,-0.02336116361549706,0.02336116361549706,0.0005457439654700237
0.1319106356843075,0.15118083,-0.019270197893802243,0.019270197893802243,0.00037134052686630043
0.1252543760876241,0.14925876,-0.024004386510413617,0.024004386510413617,0.0005762105717413272
0.1261065615723206,0.15044941,-0.024342848508589116,0.024342848508589116,0.0005925742735121193
0.13166905517453167,0.15151203,-0.019842971612272525,0.019842971612272525,0.0003937435224054533
0.12641621455624935,0.15201573,-0.02559951618239048,0.02559951618239048,0.000655335228772472
0.13190602927628212,0.15885462,-0.026948589392274097,0.026948589392274097,0.000726226470233388
0.13944262462892823,0.15731707,-0.0178744475241632,0.0178744475241632,0.00031949587429406395
0.13202374859248642,0.15280989,-0.020786139531979525,0.020786139531979525,0.00043206359664292197
0.12693878595557376,0.15219235,-0.02525356824669675,0.02525356824669675,0.0006377427091905704
0.12665216501177193,0.15445569,-0.0278035265642321,0.0278035265642321,0.00077303608940796
0.12492015559422663,0.15674147,-0.03182131450426885,0.03182131450426885,0.0010125960567795912
0.14386835909509674,0.16060883,-0.016740468972682804,0.016740468972682804,0.00028024330142535566
0.13195823523390315,0.1605746,-0.02861636486661412,0.02861636486661412,0.0008188963381791869
0.0,0.16054246,-0.16054245829582214,0.16054245829582214,0.025773880915665792
0.0,0.16050845,-0.16050845384597778,0.16050845384597778,0.02576296375602638
0.13479885351622478,0.16054958,-0.02575072753464802,0.02575072753464802,0.0006630999685636798
0.1269167775616747,0.16060027,-0.033683497239579585,0.033683497239579585,0.0011345779862887656
0.30225611628621146,0.25442252,0.04783360065548942,0.04783360065548942,0.0022880533516688377
0.3007416316920872,0.2541447,0.046596933310663224,0.046596933310663224,0.002171274193958396
0.28135479578257755,0.25552136,0.02583343872309879,0.02583343872309879,0.0006673665562601
0.29253915446821577,0.2559038,0.036635344205535714,0.036635344205535714,0.0013421484450580792
0.3061577438837138,0.25850528,0.04765245909748944,0.04765245909748944,0.0022707568580379043
0.2929399119664244,0.25767556,0.03526435363779584,0.03526435363779584,0.0012435746374915247
0.28508752175248236,0.25911632,0.025971199950343082,0.025971199950343082,0.0006745032268607005
0.2937230013307401,0.25879988,0.03492312058771335,0.03492312058771335,0.0012196243515839682
0.2734783498822807,0.2598517,0.013626655775225038,0.013626655775225038,0.00018568574761647388
0.2869433923635991,0.25868455,0.028258846608212762,0.028258846608212762,0.0007985624116264979
0.2830443238816665,0.25545862,0.027585700710813843,0.027585700710813843,0.0007609708837065953
0.27009161633739376,0.25529358,0.014798038427924154,0.014798038427924154,0.00021898194131431996
0.27025949431876345,0.25437975,0.015879745020667746,0.015879745020667746,0.00025216630192142207
0.28046064080253863,0.25202313,0.028437510147249934,0.028437510147249934,0.0008086919833749429
0.29096734568533117,0.24986154,0.0411058072751444,0.0411058072751444,0.0016896873917413143
0.2826921895792814,0.25038025,0.03231194174793678,0.03231194174793678,0.0010440615795220597
0.29436943392363596,0.25198144,0.04238799671736765,0.04238799671736765,0.0017967422657115706
0.2851458695874705,0.25274035,0.03240551624159954,0.03240551624159954,0.0010501174828845717
0.2797794042378954,0.25402302,0.02575638873878039,0.02575638873878039,0.0006633915608631732
0.28067560651039,0.25740674,0.023268865129698446,0.023268865129698446,0.0005414400844240963
0.29652113829460536,0.25687167,0.03964946781006251,0.03964946781006251,0.0015720802976211833
0.2783585832736206,0.25796458,0.02039400202247621,0.02039400202247621,0.00041591531849276373
0.27141928549493294,0.25889573,0.012523560483107377,0.012523560483107377,0.00015683956717404867
0.2979839287542225,0.26016665,0.0378172837041737,0.0378172837041737,0.0014301469467619616
0.277942982905108,0.26231158,0.01563140510817196,0.01563140510817196,0.0002443408256557844
0.2933166137782782,0.26142797,0.03188864503781497,0.03188864503781497,0.0010168856823477611
0.27310164807042686,0.2619099,0.011191745974632183,0.011191745974632183,0.0001252551779606957
0.29251816972054456,0.26318586,0.029332310994043098,0.029332310994043098,0.0008603844682512616
0.277928140034804,0.2655492,0.012378927340635892,0.012378927340635892,0.00015323784210474281
0.27568430750332684,0.26449153,0.011192779230698058,0.011192779230698058,0.00012527830690714582
0.28065103900092125,0.26426458,0.01638645541327477,0.01638645541327477,0.00026851592101124203
0.2918804381205855,0.26225555,0.029624888689738338,0.029624888689738338,0.0008776340298793865
0.30092076978196336,0.26384735,0.03707341870774461,0.03707341870774461,0.001374438374679748
0.28615723206059984,0.26374647,0.02241076184766344,0.02241076184766344,0.0005022422465926873
0.2914975944313645,0.26493874,0.026558852508985986,0.026558852508985986,0.0007053726465940713
0.2981461766813389,0.26612076,0.0320254150484196,0.0320254150484196,0.0010256272090235408
0.27791380898761386,0.2656661,0.012247711585041232,0.012247711585041232,0.0001500064390703532
0.28486385505169415,0.26637453,0.01848932664364361,0.01848932664364361,0.00034185519973534953
0.27552615416112186,0.26699004,0.008536118388798253,0.008536118388798253,7.286531714757968e-05
0.2941104514279865,0.26881313,0.02529731818824038,0.02529731818824038,0.0006399543075170775
0.2877873886784727,0.2664474,0.021339993592184248,0.021339993592184248,0.00045539532651446476
0.2835095710922305,0.26407847,0.01943110300789519,0.01943110300789519,0.0003775677641034335
0.2856689528099089,0.2612932,0.024375750171282795,0.024375750171282795,0.0005941771964127932
0.2940347016071246,0.26143178,0.0326029181693957,0.0326029181693957,0.0010629502731603123
0.29187429624321837,0.26004586,0.03182844000580687,0.03182844000580687,0.0010130495932032472
0.28006704882792505,0.26016316,0.01990389064959558,0.01990389064959558,0.00039616486299105835
0.2723917494114034,0.2598372,0.012554539233028184,0.012554539233028184,0.0001576164553536439
0.2759432899989763,0.26212394,0.013819347623793221,0.013819347623793221,0.00019097436874723935
0.27441703347323165,0.25983387,0.01458316115496383,0.01458316115496383,0.000212668589271646
0.28435459105333194,0.26164156,0.02271302906831607,0.02271302906831607,0.0005158816894581708
0.28539052103593,0.263336,0.022054518209239315,0.022054518209239315,0.00048640177344166853
0.2820989865902344,0.26341304,0.018685944760171547,0.018685944760171547,0.0003491645315801825
0.3029547548367284,0.2640164,0.038938364989926644,0.038938364989926644,0.001516196268088745
0.286703859146279,0.26494575,0.021758113678139346,0.021758113678139346,0.0004734155108308345
0.9013051489405262,0.66281515,0.23848999534174076,0.23848999534174076,0.05687747787810353
0.8860169925273825,0.66356593,0.2224510588230063,0.2224510588230063,0.04948447357147661
0.9309192343126216,0.6652667,0.26565254167422436,0.26565254167422436,0.07057127289797552
0.86584092537619,0.6703709,0.19547004858709693,0.19547004858709693,0.038208539894642034
0.9134046473538745,0.6716752,0.2417294421231616,0.2417294421231616,0.058433123189174936
0.962544784522469,0.6715912,0.2909535622362447,0.2909535622362447,0.08465397537796031
0.13895997543249053,0.16414243,-0.02518245439615327,0.02518245439615327,0.0006341560094143392
0.13167673252124065,0.16404527,-0.03236854173641926,0.03236854173641926,0.0010477224941423155
0.1322806837956802,0.16395871,-0.03167802961660465,0.03167802961660465,0.0010034975603904815
0.14038028457365134,0.16154121,-0.02116092405118844,0.02116092405118844,0.00044778470670016535
0.12844201044119152,0.16259688,-0.0341548709484264,0.0341548709484264,0.0011665552095036615
0.1336830791278534,0.16185954,-0.028176463003570545,0.028176463003570545,0.0007939130673915797
0.1814924762002252,0.16773331,0.013759164547088004,0.013759164547088004,0.00018931460903384346
0.18080868052001228,0.16654366,0.014265017971947097,0.014265017971947097,0.00020349073773997368
0.18033933872453678,0.16587071,0.014468627517146948,0.014468627517146948,0.00020934118222994187
0.18103029992834477,0.16493705,0.01609325077787785,0.01609325077787785,0.000258992720599666
0.19351571296959771,0.1647991,0.028716618769463437,0.028716618769463437,0.0008246441935506997
0.20708209642747463,0.16356367,0.043518427699599876,0.043518427699599876,0.0018938535494453018
0.18310625447845225,0.16203879,0.021067466279027502,0.021067466279027502,0.0004438381354179609
0.18049493295117205,0.16085574,0.019639192642410458,0.019639192642410458,0.00038569788764570906
0.17939297778687682,0.16137943,0.018013551069118644,0.018013551069118644,0.00032448802211974544
0.18122684000409456,0.16254047,0.018686374410756545,0.018686374410756545,0.000349180588618977
0.18060958132869281,0.16348472,0.017124858952823063,0.017124858952823063,0.00029326079415408423
0.19043760876241173,0.16324228,0.027195328279165876,0.027195328279165876,0.0007395858802115992
0.18139983621660352,0.16266517,0.018734662805234198,0.018734662805234198,0.0003509875904258257
0.19346043607329305,0.16396004,0.029500396457661948,0.029500396457661948,0.0008702733911592337
0.18664244037260722,0.16512571,0.02151672762026499,0.02151672762026499,0.00046296956748467436
0.1723707646637322,0.16477983,0.007590937665021558,0.007590937665021558,5.7622334634242935e-05
0.18225662810932539,0.16346538,0.01879124744068525,0.01879124744068525,0.00035311098037705993
0.1762130207800184,0.16121866,0.014994362690380653,0.014994362690380653,0.00022483091249067932
0.18961664448766505,0.16223611,0.027380535111711374,0.027380535111711374,0.0007496937030036594
0.1837649708260825,0.16327396,0.020491010474138538,0.020491010474138538,0.00041988151025125524
0.18592588801310267,0.16352817,0.02239771385119166,0.02239771385119166,0.0005016575857598627
0.18960896714095607,0.16346122,0.026147743896289016,0.026147743896289016,0.0006837045108659195
0.186936738663118,0.1635041,0.023432644777696243,0.023432644777696243,0.0005490888412776951
0.17924198996826696,0.16341239,0.015829597828832143,0.015829597828832143,0.00025057616742256726
0.19355665881871226,0.16323206,0.030324600532045387,0.030324600532045387,0.0009195813974281273
0.17920872146586142,0.16328125,0.01592747444609366,0.01592747444609366,0.00025368444223096653
0.19613522366670078,0.16361746,0.03251776174691623,0.03251776174691623,0.0010574048290292084
0.18083529532193673,0.16341181,0.01742348432778848,0.01742348432778848,0.0003035778061206908
0.18346453065820453,0.16361484,0.019849691342790104,0.019849691342790104,0.0003940102464040364
0.18853618589415497,0.16310531,0.025430876884602965,0.025430876884602965,0.0006467294991198334
0.1875831712560139,0.16329435,0.024288826115556744,0.024288826115556744,0.0005899470740717513
0.17769935510287643,0.16449416,0.013205198265413054,0.013205198265413054,0.00017437726122886794
0.17959105333196848,0.165939,0.013652050102827246,0.013652050102827246,0.0001863784720101054
0.19165165318865798,0.16507605,0.026575606006574853,0.026575606006574853,0.0007062628346166974
0.17972566281093255,0.16439189,0.01533377264274255,0.01533377264274255,0.0002351245834593198
0.1850209847476712,0.16489002,0.020130963661932066,0.020130963661932066,0.0004052556979580293
0.18177960896714096,0.16480741,0.016972199919060516,0.016972199919060516,0.00028805557009255775
0.17584962636912682,0.16390769,0.011941934532769705,0.011941934532769705,0.0001426098003849576
0.20461408537209538,0.16342258,0.04119150083840398,0.04119150083840398,0.0016967397413202355
0.17542839594636092,0.16127533,0.014153068740702962,0.014153068740702962,0.00020030935477906333
0.17352287849319276,0.15959555,0.013927329386594856,0.013927329386594856,0.00019397050384270864
0.18412427065206266,0.15875599,0.025368282769448525,0.025368282769448525,0.0006435497706706989
0.17628621148531065,0.16015661,0.016129603857442,0.016129603857442,0.00026016412059800783
0.17974204115057837,0.16211313,0.017628911057957525,0.017628911057957525,0.0003107785050893771
0.18116081482239738,0.16383228,0.017328537762842322,0.017328537762842322,0.00030027822099825237
0.1795485720135121,0.16628253,0.013266037414207899,0.013266037414207899,0.00017598774867516378
0.204241478145153,0.1677718,0.03646967679265209,0.03646967679265209,0.0013300373253605064
0.17897430647968063,0.16771686,0.011257445708501429,0.011257445708501429,0.00012673008387985724
0.19128621148531066,0.1672914,0.023994808668538203,0.023994808668538203,0.0005757508430397561
0.18379465656669053,0.16655213,0.017242530159067238,0.017242530159067238,0.0002973048462863433
0.17729552666598422,0.16618136,0.011114170951186247,0.011114170951186247,0.00012352479593219222
0.1976747875934077,0.16489135,0.032783440304322314,0.032783440304322314,0.0010747539581870648
0.18369792199815743,0.16380574,0.01989218390668862,0.01989218390668862,0.00039569898057752173
0.17478298699969289,0.16370833,0.011074657798948256,0.011074657798948256,0.00012264804536380543
0.1587618998873989,0.16661459,-0.007852692187949012,0.007852692187949012,6.166477459867544e-05
0.1507139932439349,0.16549644,-0.01478244549774907,0.01478244549774907,0.00021852069489392174
0.15689528099088954,0.16520636,-0.008311076845833792,0.008311076845833792,6.907399833735458e-05
0.1519055174531682,0.16412693,-0.01222141516783401,0.01222141516783401,0.0001493629887045632
0.16001740198587366,0.16124938,-0.0012319822981458062,0.0012319822981458062,1.517780382944622e-06
0.1599344866414167,0.16296314,-0.0030286503891847893,0.0030286503891847893,9.172723179909175e-06
0.7057631282628724,0.69367546,0.012087669831628456,0.012087669831628456,0.0001461117619584607
0.7608711229399119,0.69368714,0.06718398199829201,0.06718398199829201,0.0045136874371468245
0.7179854642235644,0.6939221,0.02406336177223989,0.02406336177223989,0.000579045379781696
0.7171256013921589,0.69462305,0.022502548318275806,0.022502548318275806,0.0005063646808163373
0.7253659535264613,0.6954159,0.02995003946777597,0.02995003946777597,0.0008970048641213383
0.7304739482035009,0.6955266,0.034947348319467664,0.034947348319467664,0.0012213171545621994
0.22914269628416417,0.23415872,-0.005016028262268324,0.005016028262268324,2.5160539527874583e-05
0.13996980243627802,0.241081,-0.10111119693811163,0.10111119693811163,0.010223474146257594
0.14956955676118333,0.24566105,-0.09609149332006972,0.09609149332006972,0.009233575088481005
0.23465656669055174,0.24417529,-0.009518718410385152,0.009518718410385152,9.060600017620523e-05
0.22068226021087112,0.23706836,-0.01638609487259446,0.01638609487259446,0.0002685041051736664
0.13233135428395945,0.2368806,-0.10454924616846364,0.10454924616846364,0.01093054487439401
0.20266762206981268,0.16477096,0.03789666126201238,0.03789666126201238,0.0014361569348077098
0.1969121711536493,0.16462857,0.03228360584221743,0.03228360584221743,0.0010422312061756551
0.20266813389292657,0.16460404,0.038064095892819755,0.038064095892819755,0.0014488753961377778
0.19579281400348036,0.16468042,0.03111239265109389,0.03111239265109389,0.0009679809764758411
0.20023390316306683,0.16473393,0.03549997174083325,0.03549997174083325,0.0012602479935999592
0.2001791380898761,0.16507556,0.03510358264611238,0.03510358264611238,0.0012322615145924423
0.0,0.16498089,-0.16498088836669922,0.16498088836669922,0.02721869352626527
0.12876957723410787,0.16229007,-0.03352048924652873,0.03352048924652873,0.001123623199326648
0.14624833657487973,0.1628007,-0.016552362897547634,0.016552362897547634,0.0002739807174921115
0.0,0.1636894,-0.16368940472602844,0.16368940472602844,0.026794221219561543
0.1364315692496673,0.15883245,-0.02240087649103248,0.02240087649103248,0.0005017992675664916
0.12583683079127853,0.15914792,-0.03331108743305619,0.03331108743305619,0.0011096285459727142
0.1515922817074419,0.15893975,-0.007347467295014759,0.007347467295014759,5.39852756513115e-05
0.12569249667314975,0.16213876,-0.03644626341672452,0.03644626341672452,0.0013283301170412723
0.13823062749513768,0.16295694,-0.024726310652407185,0.024726310652407185,0.000611390438479345
0.164181594840823,0.16373795,0.00044364213162501054,0.00044364213162501054,1.9681834095278318e-07
0.16270037874910429,0.16586742,-0.003167039301661706,0.003167039301661706,1.0030137938269866e-05
0.14800388985566587,0.16493964,-0.016935752096848777,0.016935752096848777,0.00028681969908591774
0.1420135121302078,0.16471332,-0.022699810986094693,0.022699810986094693,0.0005152814188044253
0.14789896611730985,0.1628164,-0.014917439179015834,0.014917439179015834,0.0002225299916596366
0.13344252226430545,0.16273752,-0.029294996284660008,0.029294996284660008,0.0008581968073182436
0.14049800388985567,0.16385224,-0.023354240725699138,0.023354240725699138,0.0005454205598739042
0.14861961306172586,0.1663796,-0.017759987701595065,0.017759987701595065,0.00031541716316080796
0.13631845634148837,0.16833405,-0.032015595625178805,0.032015595625178805,0.0010249983632349682
0.1300337803255195,0.164004,-0.033970217715633466,0.033970217715633466,0.0011539756916475379
0.14245521547753096,0.16024458,-0.017789368606026174,0.017789368606026174,0.00031646163540106963
0.13418057119459514,0.15778771,-0.02360713923364277,0.02360713923364277,0.0005572970227965958
0.1354631999181083,0.1581488,-0.02268559544817894,0.02268559544817894,0.0005146362408384371
0.1624301361449483,0.1608741,0.001556037605595889,0.001556037605595889,2.421253030028588e-06
0.1268819735899273,0.16149184,-0.034609867487877255,0.034609867487877255,0.001197842927528423
0.1431216091718702,0.1619347,-0.018813094416615522,0.018813094416615522,0.00035393252152849015
0.14168850445286107,0.1619238,-0.020235291485630746,0.020235291485630746,0.00040946702150844016
0.1318072474152933,0.16197287,-0.030165618047009873,0.030165618047009873,0.0009099645121580877
0.1399810625447845,0.15924394,-0.01926287876228336,0.01926287876228336,0.00037105849821042724
0.15506039512744396,0.15932819,-0.004267797345013924,0.004267797345013924,1.8214094178107897e-05
0.14013307400962227,0.16092739,-0.020794311082159345,0.020794311082159345,0.00043240337338161495
0.14424966731497593,0.16232258,-0.01807291349938564,0.01807291349938564,0.0003266302023562757
0.14589364315692496,0.16099387,-0.015100230916103602,0.015100230916103602,0.00022801697371965102
0.13556198177909715,0.16044074,-0.024878761190415793,0.024878761190415793,0.0006189527583697391
0.14476200225202168,0.15871823,-0.013956226088127244,0.013956226088127244,0.00019477624662292347
0.14331047190091104,0.15830755,-0.01499708043673545,0.01499708043673545,0.00022491242162591313
0.13071808782884634,0.16249727,-0.03177917929819071,0.03177917929819071,0.001009916236866553
0.13999027536083528,0.16061246,-0.020622188590275564,0.020622188590275564,0.00042527466225289164
0.14967448049953935,0.16488098,-0.015206495581355117,0.015206495581355117,0.0002312375078657727
0.1477454191831303,0.1646685,-0.01692308124030109,0.01692308124030109,0.0002863906786658307
0.14317023236769372,0.16803062,-0.02486038725358314,0.02486038725358314,0.000618038854398119
0.5774234824444672,0.52489954,0.05252394011277162,0.05252394011277162,0.0027587642849700193
0.5417750025591156,0.5267074,0.015067591746737663,0.015067591746737663,0.00022703232104635693
0.5532449585423278,0.53035635,0.022888610981445234,0.022888610981445234,0.0005238885126599354
0.545240045040434,0.5375019,0.007738173454588049,0.007738173454588049,5.987932841329114e-05
0.2169352031937762,0.21757522,-0.0006400190600232281,0.0006400190600232281,4.096243971930164e-07
0.21230166854335142,0.22129592,-0.008994254451262229,0.008994254451262229,8.089661313405043e-05
0.22077797113317635,0.22099596,-0.00021799148660514578,0.00021799148660514578,4.7520288232321454e-08
0.5031134200020473,0.22004637,0.2830670487805049,0.2830670487805049,0.08012695410530475
0.22177141979731804,0.25029737,-0.02852594777546638,0.02852594777546638,0.0008137296964886354
0.20930545603439452,0.2724425,-0.0631370338280475,0.0631370338280475,0.003986285040604014
0.1295562493602211,0.17046818,-0.040911932011467755,0.040911932011467755,0.00167378618091096
0.13435868563824344,0.16997322,-0.03561453876323056,0.03561453876323056,0.0012683953713176525
0.12577182925580918,0.16988131,-0.044109484783421166,0.044109484783421166,0.0019456466478588634
0.13684972873374962,0.16986814,-0.033018412678985365,0.033018412678985365,0.0010902155758397815
0.13195669976456137,0.17022648,-0.038269784772563264,0.038269784772563264,0.001464576426538315
0.13293735285085473,0.1717575,-0.03882015149313178,0.03882015149313178,0.0015070041619497019
0.20235029173917496,0.2599259,-0.057575610150626066,0.057575610150626066,0.003314950884216875
0.2020831200737025,0.26921228,-0.067129155669782,0.067129155669782,0.004506323540937825
0.19682311393182517,0.27408665,-0.07726354025442361,0.07726354025442361,0.005969654652646938
0.19195618794144742,0.2750845,-0.08312830760298617,0.08312830760298617,0.006910315524936689
0.2059847476712048,0.27175266,-0.06576790783492922,0.06576790783492922,0.004325417700983745
0.20120329614085372,0.26553214,-0.06432883982258622,0.06432883982258622,0.004138199632919955
0.14386068174838776,0.16401494,-0.02015425374508148,0.02015425374508148,0.00040619394402113086
0.12498669259903776,0.16529736,-0.040310666629096395,0.040310666629096395,0.0016249498440821456
0.1290623400552769,0.16556403,-0.03650169035358236,0.03650169035358236,0.0013323733986688076
0.13134251202784317,0.16729474,-0.035952228649036716,0.035952228649036716,0.0012925627448326165
0.13193213225509265,0.16844496,-0.036512829054340334,0.036512829054340334,0.0013331866855514796
0.1314571604053639,0.16967058,-0.038213421412263054,0.038213421412263054,0.0014602655760312046
0.19353106766301567,0.15882245,0.034708620601476975,0.034708620601476975,0.0012046883440572718
0.1263220391032859,0.16019288,-0.03387083795092857,0.03387083795092857,0.0011472336634980632
0.12953168185075237,0.16181844,-0.03228676287809895,0.03228676287809895,0.0010424350571465884
0.18844559320298904,0.16072235,0.027723248089234764,0.027723248089234764,0.000768578484617259
0.18687992629747158,0.15814331,0.02873661455850368,0.02873661455850368,0.0008257930162840057
0.13274593100624424,0.1566152,-0.02386926665229458,0.02386926665229458,0.0005697418905183421
0.18374808066332274,0.15575376,0.027994319133400253,0.027994319133400253,0.0007836819037426595
0.1344323881666496,0.1540516,-0.01961921372009967,0.01961921372009967,0.0003849135469949472
0.1883212201863036,0.152026,0.0362952225476012,0.0362952225476012,0.0013173431797798988
0.19221005220595763,0.15549095,0.03671910245601104,0.03671910245601104,0.0013482924851750358
0.13213839697000715,0.15570521,-0.02356681657674578,0.02356681657674578,0.0005553948435619797
0.18889395025079334,0.15360998,0.03528397407834613,0.03528397407834613,0.0012449588267614017
0.1346555430443239,0.15629879,-0.021643243357424763,0.021643243357424763,0.00046842998302871114
0.19205752891800593,0.15777856,0.034278967802741034,0.034278967802741034,0.0011750476336213564
0.19381461766813388,0.15909417,0.03472044793222537,0.03472044793222537,0.0012055095046143729
0.19468932336984338,0.15857558,0.03611374384580315,0.03611374384580315,0.001304202494560285
0.1866199201555942,0.15756601,0.02905390920359835,0.02905390920359835,0.0008441296400109368
0.1371327669157539,0.1559299,-0.018797126339479858,0.018797126339479858,0.00035333195862236744
0.12904596171563107,0.15439704,-0.025351078889913975,0.025351078889913975,0.0006426772008826419
0.18194799877162451,0.15334263,0.02860536433215613,0.02860536433215613,0.0008182668685753901
0.12419950864981062,0.15373944,-0.02953992881108873,0.02953992881108873,0.0008726073941641901
0.13280530248746034,0.15187037,-0.01906506742373351,0.01906506742373351,0.00036347679587150477
0.13571962329818812,0.16056827,-0.024848643808821763,0.024848643808821763,0.0006174550991376961
0.12912222335960694,0.16057424,-0.031452019113041685,0.031452019113041685,0.0009892295062871395
0.13478605793837647,0.16056755,-0.02578149391289611,0.02578149391289611,0.0006646854283806991
0.13379005015866516,0.1605773,-0.0267872470520282,0.0267872470520282,0.0007175566046263936
0.13631794451837445,0.16057587,-0.0242579221808443,0.0242579221808443,0.0005884467885318978
0.1267064182618487,0.16057497,-0.03386855436769842,0.03386855436769842,0.0011470789749577438
0.1308941549800389,0.16057238,-0.029678224847460494,0.029678224847460494,0.0008807970300964215
0.13389087931210975,0.16057354,-0.026682662805962765,0.026682662805962765,0.0007119644944167087
0.1288775719111475,0.16057342,-0.03169585099763547,0.03169585099763547,0.0010046269704643096
0.12766864571604053,0.16057213,-0.032903480791718565,0.032903480791718565,0.0010826390482109925
0.1344630975534855,0.16057369,-0.026110593576198937,0.026110593576198937,0.0006817630969014412
0.13929470774900193,0.16056898,-0.02127427461374526,0.02127427461374526,0.000452594760341046
0.13539666291329716,0.16057202,-0.025175359286333576,0.025175359286333576,0.0006337987151959823
0.1382347220800491,0.16057009,-0.022335362968626427,0.022335362968626427,0.0004988684389402887
0.13700788207595455,0.16057023,-0.02356235198433293,0.02356235198433293,0.0005551844310335979
0.1356095813286928,0.16057631,-0.024966732405361763,0.024966732405361763,0.0006233377270009412
0.1368978401064592,0.16057757,-0.023679725325135653,0.023679725325135653,0.0005607293914738708
0.13129849524004503,0.16057628,-0.02927778869168715,0.02927778869168715,0.000857188910675084
0.13779762514075133,0.16056988,-0.02277225129166749,0.02277225129166749,0.0005185754288908516
0.13208721465861398,0.16056791,-0.028480694820527258,0.028480694820527258,0.0008111499774600082
0.1406177704985157,0.16056834,-0.019950571114300153,0.019950571114300153,0.00039802528778674765
0.13144334118128775,0.16056892,-0.029125581576814663,0.029125581576814663,0.0008482995021876857
0.13584501996110143,0.16305664,-0.027211621855991464,0.027211621855991464,0.0007404723640334723
0.13336574879721566,0.16088903,-0.02752328070565299,0.02752328070565299,0.0007575309808021702
0.15018272085167367,0.16307962,-0.01289689855598014,0.01289689855598014,0.00016632999236324263
0.12887398914934997,0.1629493,-0.034075304702502446,0.034075304702502446,0.0011611263905683853
0.13391391135223668,0.16083741,-0.026923500528256483,0.026923500528256483,0.0007248748806950271
0.13567663015661788,0.15924045,-0.023563824278730633,0.023563824278730633,0.0005552538146388952
0.21559934486641416,0.17323527,0.042364077465672584,0.042364077465672584,0.0017947150595175076
0.22679138089876136,0.1722363,0.05455508734445533,0.05455508734445533,0.0029762575551611496
0.2041299007063159,0.1708201,0.033309798610711955,0.033309798610711955,0.001109542683486188
0.2110313235745726,0.17102063,0.040010696552783054,0.040010696552783054,0.0016008558386388858
0.22401371685945337,0.17274418,0.05126953212701624,0.05126953212701624,0.00262856492452315
0.2126696693622684,0.17305753,0.039612143012247025,0.039612143012247025,0.001569121874022711
0.18887859555737538,0.16325623,0.025622367587252087,0.025622367587252087,0.0006565057207762663
0.18605640290715528,0.1648418,0.021214601979039432,0.021214601979039432,0.0004500593371290638
0.19011823113931825,0.16705352,0.023064710459844373,0.023064710459844373,0.0005319808685964545
0.18319940628518783,0.16822238,0.014977023620507346,0.014977023620507346,0.00022431123652923496
0.19299723615518474,0.1676105,0.025386739872607228,0.025386739872607228,0.0006444865613594256
0.18477735694543965,0.16889107,0.015886284672185252,0.015886284672185252,0.0002523740406857081
0.20259647865697614,0.16444841,0.03814806838437787,0.03814806838437787,0.0014552751214591704
0.20520165830688913,0.16433102,0.040870639382176,0.040870639382176,0.0016704091635078757
0.2153782372811956,0.1642501,0.05112813166176505,0.05112813166176505,0.002614085847222782
0.21227658921076875,0.16444013,0.047836463983794264,0.047836463983794264,0.0022883272864728456
0.20701555942266353,0.1647124,0.04230316017835506,0.04230316017835506,0.0017895573610755653
0.2019398096018016,0.16438463,0.03755517629911301,0.03755517629911301,0.0014103912668574593
0.18597246391647043,0.15616828,0.029804181884457492,0.029804181884457492,0.0008882892578018242
0.22301463814105846,0.1543445,0.06867013902988292,0.06867013902988292,0.00471558799438345
0.18482905107994677,0.15347755,0.031351501527029285,0.031351501527029285,0.0009829166479993197
0.18802129184153954,0.15574431,0.032276977647813954,0.032276977647813954,0.0010418032860774816
0.18651243730166855,0.15876898,0.027743455606493383,0.027743455606493383,0.0007696993289894691
0.22444262462892822,0.16010886,0.06433376032152466,0.06433376032152466,0.004138832717107381
0.17862421946975124,0.16303578,0.01558843927832973,0.01558843927832973,0.0002429994391341731
0.22905005630054254,0.16322318,0.0658268791059472,0.0658268791059472,0.004333178012828988
0.18038540280479065,0.16457507,0.01581033266204468,0.01581033266204468,0.0002499666188845168
0.1710241580509776,0.16633025,0.004693909933530693,0.004693909933530693,2.2032790464098116e-05
0.1855722182413758,0.16790341,0.017668809833210813,0.017668809833210813,0.00031218684092216713
0.18432848807452143,0.16929379,0.015034697018842108,0.015034697018842108,0.00022604211444837978
0.18816613778278227,0.16982773,0.018338408319204996,0.018338408319204996,0.000336297219681887
0.18329767632306274,0.16763781,0.0156598662120169,0.0156598662120169,0.0002452314097782685
0.22046575903367793,0.16309893,0.0573668277211169,0.0573668277211169,0.003290952922784306
0.18074470263077078,0.160972,0.01977270346237478,0.01977270346237478,0.0003909598022110076
0.17477684512232572,0.15900886,0.01576798453425199,0.01576798453425199,0.0002486293362724099
0.18945695567611834,0.15712541,0.032331542258302176,0.032331542258302176,0.0010453286248003793
0.18070989865902343,0.15686136,0.023848533817562245,0.023848533817562245,0.00056875256524741
0.18016122428088852,0.15585506,0.024306164657170254,0.024306164657170254,0.0005907896403414723
0.18559729757395843,0.15577123,0.029826071883116756,0.029826071883116756,0.0008895945639768479
0.22753557170641825,0.15873115,0.06880442405951426,0.06880442405951426,0.004734048770161464
0.13202886682362575,0.16407713,-0.03204826611666661,0.03204826611666661,0.0010270913610846812
0.20981727914832635,0.16315398,0.04666330294631524,0.04666330294631524,0.0021774638418595926
0.15152728017197256,0.16212192,-0.010594641605752658,0.010594641605752658,0.00011224643075434526
0.1356643464018835,0.16056964,-0.024905291611956232,0.024905291611956232,0.0006202735502765774
0.13040741119868973,0.16284576,-0.03243834938518783,0.03243834938518783,0.0010522465108355158
0.13795424301361447,0.16341728,-0.02546303670669192,0.02546303670669192,0.0006483662383263402
0.13073548981472002,0.1629777,-0.03224220565036787,0.03224220565036787,0.0010395598252006136
0.12850138192240762,0.16360894,-0.035107556533174045,0.035107556533174045,0.0012325405257300115
0.1281410584501996,0.16576889,-0.03762783312275267,0.03762783312275267,0.0014158538255137228
0.13034138601699252,0.16730502,-0.036963636461111116,0.036963636461111116,0.0013663104204291831
0.13326031323574572,0.16679347,-0.03353315237857313,0.03353315237857313,0.0011244723084446046
0.12417903572525335,0.16742083,-0.04324179857764887,0.04324179857764887,0.001869853144229956
0.2288842256116286,0.18553707,0.04334715557569416,0.04334715557569416,0.001878975896503433
0.22341795475483672,0.18707177,0.03634618432522552,0.03634618432522552,0.0013210451150032691
0.22795526665984234,0.18860951,0.03934575599967083,0.03934575599967083,0.001548088515185633
0.2271711536492988,0.19000956,0.03716158948799814,0.03716158948799814,0.0013809837332744935
0.23496724332070834,0.19020358,0.044763666040663785,0.044763666040663785,0.002003785797400076
0.2371762718804381,0.19100925,0.046167018616964595,0.046167018616964595,0.0021313936079791554
0.8321066639369433,0.75856966,0.07353700613436154,0.07353700613436154,0.005407691271205126
0.8369945746749924,0.756603,0.08039157212677461,0.08039157212677461,0.006462804869014405
0.8164909407308835,0.758323,0.05816792694838224,0.05816792694838224,0.0033835077254723333
0.7754939093049441,0.75879747,0.016696442550030777,0.016696442550030777,0.00027877119382647823
0.7703398505476506,0.7582396,0.01210022366319019,0.01210022366319019,0.00014641541269922782
0.8192854949329511,0.75376934,0.06551615680200018,0.06551615680200018,0.004292366802104274
0.1995368000818917,0.17469665,0.024840146000547098,0.024840146000547098,0.000617032853328496
0.19535827617975227,0.17651418,0.018844097665271675,0.018844097665271675,0.0003551000168182974
0.21815743678984545,0.17702404,0.04113340014395617,0.04113340014395617,0.0016919566074028133
0.19796959770703243,0.17522052,0.022749078402756917,0.022749078402756917,0.0005175205681747812
0.19854591053331966,0.17573372,0.022812195237528032,0.022812195237528032,0.0005203962515550966
0.20303050465759034,0.1781939,0.02483660764869447,0.02483660764869447,0.0006168570794951886
0.13467140956085577,0.15902168,-0.02435026602584467,0.02435026602584467,0.0005929354555294052
0.13337496161326645,0.1571486,-0.023773638011367337,0.023773638011367337,0.00056518586429553
0.12781963353465042,0.15693699,-0.029117354699869535,0.029117354699869535,0.0008478203447180145
0.13332326747875933,0.15757844,-0.024255171041672186,0.024255171041672186,0.000588313322260773
0.12932797625140752,0.15911856,-0.02979058668537532,0.02979058668537532,0.0008874790550588613
0.1368190193469137,0.15956596,-0.022746936053553213,0.022746936053553213,0.000517423099824439
0.8143515201146484,0.7681672,0.04618432241033321,0.04618432241033321,0.0021329916365016065
0.8524260415600368,0.76812184,0.08430420299039565,0.08430420299039565,0.007107198641845835
0.7849063363701504,0.7685203,0.016386040750185793,0.016386040750185793,0.0002685023314667494
0.8272085167366158,0.7695241,0.05768441929398882,0.05768441929398882,0.0033274922292847097
0.8416470467806326,0.7698563,0.07179077265267242,0.07179077265267242,0.005153915038067698
0.8462227454191832,0.77063257,0.0755901803976683,0.0755901803976683,0.005713875372552036
0.1561546729450302,0.16094011,-0.004785437738410975,0.004785437738410975,2.2900414348207943e-05
0.15238765482649194,0.16157292,-0.009185263469368349,0.009185263469368349,8.436906500171268e-05
0.16869280376701812,0.1596174,0.009075409558110037,0.009075409558110037,8.236305864743501e-05
0.18835551233493703,0.1626671,0.025688416673773695,0.025688416673773695,0.0006598947512054145
0.14337137885146892,0.16532978,-0.02195840530342305,0.02195840530342305,0.00048217156346939754
0.1646934179547548,0.16476443,-7.101614444257609e-05,7.101614444257609e-05,5.043292771488831e-09
0.20386426451018527,0.16739552,0.0364687472801514,0.0364687472801514,0.00132996952818355
0.19333350394103796,0.16550067,0.027832833269574947,0.027832833269574947,0.000774666607811958
0.19655184768144127,0.16746396,0.02908788941804405,0.02908788941804405,0.000846105310796359
0.1930074726174634,0.16662753,0.02637994633419924,0.02637994633419924,0.0006959015685952318
0.18993960487255604,0.16643947,0.023500131243558237,0.023500131243558237,0.000552256168464462
0.2052236667007882,0.16988571,0.03533795681900567,0.03533795681900567,0.0012487711921419095
0.2355660763640086,0.18851092,0.047055151786295574,0.047055151786295574,0.0022141873096313157
0.22264151909100213,0.1875931,0.03504841663586297,0.03504841663586297,0.0012283915086810364
0.2306065103900092,0.1896837,0.04092280482169561,0.04092280482169561,0.0016746759544745934
0.23778790050158666,0.18785316,0.04993474298129247,0.04993474298129247,0.0024934785566077373
0.2257042686047702,0.18598583,0.03971843519832183,0.03971843519832183,0.0015775540946032904
0.23488995803050466,0.18312407,0.05176589263133474,0.05176589263133474,0.0026797076399188765
0.141328692803767,0.16157976,-0.020251065125081263,0.020251065125081263,0.0004101056387002826
0.19072474152932747,0.1626189,0.028105836223465047,0.028105836223465047,0.00078993802982024
0.13308066332275564,0.16130406,-0.028223393321684054,0.028223393321684054,0.0007965599305904801
0.20928242399426758,0.16402406,0.04525836899014771,0.04525836899014771,0.0020483199636483636
0.13259699048009008,0.16651526,-0.033918270454739635,0.033918270454739635,0.0011504490706408636
0.1255599344866414,0.16465119,-0.03909125078748274,0.03909125078748274,0.00152812588812987
0.2152272494625857,0.2074343,0.00779295285461451,0.00779295285461451,6.0730114194244436e-05
0.21470826082505884,0.20241997,0.012288294365784547,0.012288294365784547,0.00015100217842017223
0.21265789743064797,0.20555893,0.007098971563567286,0.007098971563567286,5.039539726033695e-05
0.21263742450609066,0.2070778,0.005559623278521081,0.005559623278521081,3.090941099907349e-05
0.20784266557477735,0.20809376,-0.0002510968229887667,0.0002510968229887667,6.304961451505203e-08
0.23038182004299312,0.21059725,0.01978457315769344,0.01978457315769344,0.00039142933503212384
0.21174941140341896,0.2168771,-0.005127691448448712,0.005127691448448712,2.6293219590494053e-05
0.23359146279045961,0.22368139,0.00991007250496767,0.00991007250496767,9.82095370537162e-05
0.24077336472515096,0.22488788,0.015885487022437944,0.015885487022437944,0.00025234869794004436
0.20473282833452758,0.22423044,-0.019497610136312876,0.019497610136312876,0.0003801568010276506
0.19914064899170844,0.22532174,-0.02618109092032464,0.02618109092032464,0.0006854495217783053
0.19551540587572935,0.22017479,-0.024659383552981584,0.024659383552981584,0.0006080851972130587
0.2199984645306582,0.21517071,0.0048277532517427835,0.0048277532517427835,2.330720145971302e-05
0.20439604872556044,0.21289244,-0.008496394216105208,0.008496394216105208,7.218871467546602e-05
0.2123543863240864,0.2093761,0.0029782895986225355,0.0029782895986225355,8.870208933263184e-06
0.21106510390009214,0.20677203,0.0042930745002203174,0.0042930745002203174,1.8430488664441927e-05
0.23077438837137887,0.20396465,0.02680973774042794,0.02680973774042794,0.0007187620377105263
0.23629388883201963,0.20708165,0.029212243104862035,0.029212243104862035,0.0008533551472175595
0.2076266762206981,0.21077332,-0.003146642785268078,0.003146642785268078,9.901360818079647e-06
0.20095096734568532,0.21418762,-0.013236654724627178,0.013236654724627178,0.000175209028298995
0.20543863240863955,0.2160702,-0.010631572564581276,0.010631572564581276,0.0001130303351959573
0.20248387757191116,0.21876761,-0.016283735600619964,0.016283735600619964,0.000265160045110898
0.15478401064592076,0.16058448,-0.005800468924468033,0.005800468924468033,3.364543974371934e-05
0.1493986078411301,0.16058311,-0.011184500822428861,0.011184500822428861,0.00012509305864691187
0.16172279660149452,0.16058704,0.001135754031380387,0.001135754031380387,1.2899372197968013e-06
0.16154109939604872,0.16058573,0.000955368128119638,0.000955368128119638,9.12728260226821e-07
0.1470600880335756,0.1605843,-0.013524212722878876,0.013524212722878876,0.00018290432977367886
0.14344559320298902,0.16058168,-0.017136084949095326,0.017136084949095326,0.00029364540738261135
0.15698075545091617,0.16057593,-0.0035951708529473603,0.0035951708529473603,1.292525346188225e-05
0.15867079537311904,0.16057572,-0.0019049223144877725,0.0019049223144877725,3.628729024233452e-06
0.1583918517760262,0.16058129,-0.0021894389458671226,0.0021894389458671226,4.793642897679737e-06
0.1599436994574675,0.16058713,-0.0006434325196137958,0.0006434325196137958,4.1400540729655767e-07
0.14884635070119767,0.16058537,-0.011739022938862753,0.011739022938862753,0.0001378046595591459
0.1585448868870918,0.16059005,-0.0020451657175834803,0.0020451657175834803,4.182702812378752e-06
0.14391186405978093,0.16059053,-0.016678665382052565,0.016678665382052565,0.00027817787892647864
0.15070375678165626,0.16058695,-0.009883196381490711,0.009883196381490711,9.767757071511108e-05
0.16001023646227863,0.1605849,-0.0005746603406235895,0.0005746603406235895,3.302345070856199e-07
0.16254939093049442,0.16058804,0.001961349982580296,0.001961349982580296,3.846893754167727e-06
0.1375504145767223,0.16059467,-0.023044257387923095,0.023044257387923095,0.0005310377985608481
0.14191012386119356,0.16059227,-0.018682149016499616,0.018682149016499616,0.00034902269187469756
0.15459514791687992,0.16059063,-0.005995485833081932,0.005995485833081932,3.594585037468614e-05
0.14964940116695669,0.16058823,-0.010938833496052958,0.010938833496052958,0.00011965807825437017
0.14251305148940527,0.16058943,-0.018076375266499883,0.018076375266499883,0.0003267553427753287
0.14780376701811854,0.1605851,-0.012781338401040399,0.012781338401040399,0.00016336261132190994
0.2124270652062647,0.23853818,-0.026111110615039623,0.026111110615039623,0.0006817900975508349
0.21567355921793427,0.23790288,-0.02222932049703155,0.02222932049703155,0.0004941426897597471
0.24789640700174018,0.23306686,0.014829550140625675,0.014829550140625675,0.00021991555737333097
0.22858583273620633,0.23137668,-0.002790845015334803,0.002790845015334803,7.788815899619118e-06
0.2201996110144334,0.23861983,-0.018420223170213218,0.018420223170213218,0.0003393046216404599
0.22803920565052715,0.24577239,-0.017733185907166327,0.017733185907166327,0.0003144658824181224
0.22594328999897634,0.2535001,-0.02755681395152415,0.02755681395152415,0.0007593779951589161
0.2288893438427679,0.2570867,-0.028197350397802162,0.028197350397802162,0.0007950905694564338
0.22096785750844505,0.25680578,-0.0358379200412986,0.0358379200412986,0.0012843565128865119
0.20909407308834066,0.25382727,-0.04473320075733195,0.04473320075733195,0.0020010592499957636
0.22990172996212507,0.2500175,-0.020115764001116504,0.020115764001116504,0.00040464396134861464
0.20978042788412324,0.2512576,-0.04147717051599273,0.04147717051599273,0.0017203556740127365
0.21427218753198893,0.24670413,-0.03243194383283346,0.03243194383283346,0.0010518309807760642
0.21448305865492887,0.23558906,-0.02110599855217868,0.02110599855217868,0.00044546317488456847
0.2721793428191217,0.22685623,0.04532311112966858,0.04532311112966858,0.002054184402472288
0.22393387245368002,0.23009491,-0.006161037214288734,0.006161037214288734,3.795837955585068e-05
0.21662247927116388,0.22970599,-0.01308351008964545,0.01308351008964545,0.0001711782362658543
0.22024209233288974,0.23395139,-0.013709297456691555,0.013709297456691555,0.00018794483675604954
0.2072515098781861,0.23637727,-0.029125759151431202,0.029125759151431202,0.0008483098461471784
0.20772392261234515,0.2370699,-0.029345982191884584,0.029345982191884584,0.0008611866708064072
0.24012283754734362,0.23517275,0.004950088981669792,0.004950088981669792,2.450338092644868e-05
0.21621506807247415,0.23301128,-0.016796207457387302,0.016796207457387302,0.0002821125849515928
0.209654519398096,0.21654159,-0.00688706890833099,0.00688706890833099,4.743171814809941e-05
0.2038120585525642,0.21525097,-0.011438910380541262,0.011438910380541262,0.00013084867069405463
0.2073369843382127,0.21618006,-0.00884307199532916,0.00884307199532916,7.819992231457485e-05
0.21278534138601699,0.21750763,-0.00472228920060716,0.00472228920060716,2.2300015294171013e-05
0.21275002559115572,0.22161812,-0.008868090310791304,0.008868090310791304,7.864302576035061e-05
0.2104442624628928,0.2224853,-0.01204104141589138,0.01204104141589138,0.00014498667837921147
0.22549749206674172,0.19073254,0.03476495336663796,0.03476495336663796,0.001208601982584512
0.19362473129286517,0.18783483,0.005789902200839414,0.005789902200839414,3.352296749528509e-05
0.2290060395127444,0.18590689,0.04309915245830104,0.04309915245830104,0.0018575369426238764
0.21654724127341587,0.18739173,0.029155513110650372,0.029155513110650372,0.0008500439447453057
0.21963762923533625,0.18641075,0.03322687431628413,0.03322687431628413,0.0011040251768301417
0.2351059473845839,0.18701428,0.04809166563485856,0.04809166563485856,0.0023128083035350356
0.23025744702630768,0.18946373,0.04079371239953766,0.04079371239953766,0.0016641269713361928
0.19648531067663014,0.19140097,0.005084335687692759,0.005084335687692759,2.5850469385146204e-05
0.20187941447435764,0.19047973,0.011399688875068703,0.011399688875068703,0.00012995290644836514
0.20102518169720543,0.19047815,0.010547035621003037,0.010547035621003037,0.00011123996039070691
0.2248746033370867,0.190777,0.0340975995719805,0.0340975995719805,0.0011626462965711245
0.20437352850854745,0.19585255,0.008520980624560026,0.008520980624560026,7.260711080412738e-05
0.20443955369024464,0.19524392,0.009195628834058722,0.009195628834058722,8.455958965377218e-05
0.21227147097962942,0.19209003,0.020181436494766142,0.020181436494766142,0.0004072903789922787
0.20225099805507216,0.1888985,0.013352494274707166,0.013352494274707166,0.00017828910335608765
0.21706162350291738,0.18828806,0.028773560692019556,0.028773560692019556,0.0008279177948973329
0.22737178830996008,0.18462908,0.04274270563021154,0.04274270563021154,0.0018269388845909174
0.19491094277817583,0.18370634,0.01120459960419512,0.01120459960419512,0.00012554305229032944
0.23018681543658512,0.18507797,0.045108850177033116,0.045108850177033116,0.0020348083642940207
0.19391544682157846,0.18699548,0.006919970337279757,0.006919970337279757,4.788598946883172e-05
0.22811597911761694,0.18724358,0.04087239829944067,0.04087239829944067,0.0016705529427481207
0.1973610400245675,0.18715742,0.01020361772041406,0.01020361772041406,0.00010411381458434782
0.2187905619817791,0.170257,0.04853355986652946,0.04853355986652946,0.0023555064333179994
0.21710001023646228,0.16990945,0.047190562804897945,0.047190562804897945,0.0022269492178430173
0.2097783805916675,0.168928,0.04085038324097476,0.04085038324097476,0.0016687538109345114
0.21352646125499028,0.1671629,0.04636356605235356,0.04636356605235356,0.0021495802570909517
0.21236667007882074,0.16628397,0.046082704968041927,0.046082704968041927,0.002123615697171596
0.22393131333811034,0.16687778,0.0570535369537567,0.0570535369537567,0.0032551060789336814
0.23150066537004813,0.23844972,-0.006949057158409516,0.006949057158409516,4.828939539084254e-05
0.25130105435561473,0.23879725,0.012503806945794171,0.012503806945794171,0.00015634518813769057
0.22644999488176884,0.24149811,-0.015048117796758992,0.015048117796758992,0.0002264458492251347
0.22495751868154365,0.24308231,-0.0181247960481469,0.0181247960481469,0.00032850823178692156
0.21794605384379157,0.24174649,-0.02380043138951532,0.02380043138951532,0.0005664605343270262
0.23664909407308832,0.24041441,-0.00376531675645575,0.00376531675645575,1.417761027644645e-05
0.0,0.16283286,-0.1628328561782837,0.1628328561782837,0.02651453905117762
0.11301054355614698,0.16805415,-0.05504360499865496,0.05504360499865496,0.0030297984512479533
0.0,0.1677073,-0.16770729422569275,0.16770729422569275,0.028125736536503076
0.0,0.16558045,-0.16558045148849487,0.16558045148849487,0.027416885915133804
0.0,0.16848272,-0.1684827208518982,0.1684827208518982,0.02838642722565865
0.12944006551335857,0.16435376,-0.034913692583336375,0.034913692583336375,0.0012189659298037173
0.22717576005732415,0.18288857,0.044287192609661796,0.044287192609661796,0.0019613554292452822
0.20654365851161838,0.18246877,0.0240748865771091,0.0240748865771091,0.0005796001637006679
0.221809294707749,0.17954552,0.04226377297160397,0.04226377297160397,0.001786226505795282
0.2235674071041048,0.1771996,0.04636780497702961,0.04636780497702961,0.002149973338387852
0.22339697000716552,0.17996672,0.0434302520487152,0.0434302520487152,0.0018861867930149308
0.21787951683898044,0.18186387,0.03601564264197421,0.03601564264197421,0.001297126514914391
0.4074531681850752,0.3966813,0.010771859438737319,0.010771859438737319,0.00011603295576791426
0.39622735182720853,0.3974418,-0.0012144525818185703,0.0012144525818185703,1.4748950734857913e-06
0.4065339338724537,0.4002227,0.006311244959108342,0.006311244959108342,3.983181293387046e-05
0.4071726891186406,0.402148,0.005024680772082957,0.005024680772082957,2.524741686134018e-05
0.39101545705804075,0.40238142,-0.011365963077457297,0.011365963077457297,0.00012918511667812254
0.4083529532193674,0.40253067,0.005822283053351751,0.005822283053351751,3.389897995334699e-05
0.22918517760262053,0.1813941,0.04779107741341154,0.04779107741341154,0.002283987080334695
0.2395884942163988,0.18445677,0.05513172856469592,0.05513172856469592,0.003039507494531308
0.21979987716245264,0.18928692,0.030512959714408816,0.030512959714408816,0.0009310407105331353
0.24071501689016275,0.19358066,0.047134359646434115,0.047134359646434115,0.0022216478592793965
0.24966014945234924,0.1937111,0.05594904744352966,0.05594904744352966,0.0031302959098383327
0.23215068072474151,0.1940212,0.038129485551477965,0.038129485551477965,0.0014538576684203668
0.13125703756781656,0.16207695,-0.030819912505425623,0.030819912505425623,0.0009498670068420907
0.12852236667007882,0.16102919,-0.03250682315497916,0.03250682315497916,0.0010566935516290892
0.13828078616030298,0.1606534,-0.022372611280607357,0.022372611280607357,0.0005005337355131595
0.13048316101955162,0.16008301,-0.029599849773180614,0.029599849773180614,0.0008761511065948605
0.12978708158460436,0.15870771,-0.028920626535741706,0.028920626535741706,0.0008364026392198473
0.12484440577336471,0.15799382,-0.033149417516506505,0.033149417516506505,0.0010988838816836683
0.3403168185075238,0.34205025,-0.0017334358374163639,0.0017334358374163639,3.0047998024393707e-06
0.34334066946463304,0.34221977,0.001120899509951645,0.001120899509951645,1.2564157114098378e-06
0.3562595966833862,0.34141278,0.01484681401431881,0.01484681401431881,0.0002204278863757734
0.3474408844303408,0.3420555,0.005385384876660404,0.005385384876660404,2.9002370269762596e-05
0.35694748694851053,0.34140703,0.01554045612766397,0.01554045612766397,0.00024150577665584867
0.34338417442931723,0.3421555,0.0012286880840260972,0.0012286880840260972,1.5096744078277216e-06
0.2331835397686559,0.18697473,0.04620880570073904,0.04620880570073904,0.002135253724288653
0.2148730678677449,0.18588182,0.028991244566429597,0.028991244566429597,0.0008404922615105336
0.21613215272801717,0.18730265,0.028829503706868487,0.028829503706868487,0.0008311402839843438
0.23447640495444771,0.19012561,0.04435079054976937,0.04435079054976937,0.001966992622389512
0.2239558808475791,0.18991715,0.03403873368800267,0.03403873368800267,0.0011586353910827678
0.23020217013000308,0.19259402,0.03760814857124148,0.03760814857124148,0.0014143728389565725
0.13434537823728118,0.16026272,-0.02591734055944886,0.02591734055944886,0.0006717085416744529
0.13369433923635993,0.16000554,-0.026311200419325498,0.026311200419325498,0.0006922792675059143
0.1349196437711127,0.1564739,-0.021554261076986048,0.021554261076986048,0.00046458617057487574
0.1323518272085167,0.15543658,-0.023084748204233535,0.023084748204233535,0.0005329055996528635
0.14066076364008598,0.1538265,-0.013165741305669026,0.013165741305669026,0.00017333674412779956
0.13120329614085371,0.15131658,-0.02011328701573198,0.02011328701573198,0.0004045443145772126
0.13633637015047598,0.14967577,-0.013339401443571569,0.013339401443571569,0.00017793963087275926
0.1429481011362473,0.15067226,-0.007724155810316408,0.007724155810316408,5.966258298204472e-05
0.1384481523185587,0.1521848,-0.013736646994986529,0.013736646994986529,0.00018869547066487243
0.13869638652881564,0.15236957,-0.013673187183533303,0.013673187183533303,0.00018695604775593937
0.136921895792814,0.15093037,-0.014008479067949553,0.014008479067949553,0.0001962374857971808
0.1333099600777971,0.1487352,-0.015425235320533581,0.015425235320533581,0.00023793788469383674
0.13534701607124577,0.14914054,-0.013793520713879959,0.013793520713879959,0.00019026121368423548
0.13257600573241887,0.15051374,-0.017937732661364697,0.017937732661364697,0.0003217622530305898
0.14033063773159996,0.15277976,-0.012449120244932027,0.012449120244932027,0.00015498059487277646
0.13599651960282527,0.15390944,-0.01791292520613469,0.01791292520613469,0.0003208728894405755
0.1480847579076671,0.15583724,-0.007752479927263328,0.007752479927263328,6.010094502262082e-05
0.13030146381410584,0.15738091,-0.02707944491354003,0.02707944491354003,0.000733296336825449
0.13366721261132153,0.1566118,-0.022944587582465092,0.022944587582465092,0.0005264540993294113
0.14248592486436687,0.15714583,-0.014659903144284864,0.014659903144284864,0.00021491276019981325
0.1287199303920565,0.15679225,-0.028072322863787608,0.028072322863787608,0.0007880553109687325
0.13398147200327565,0.15937749,-0.025396013510411486,0.025396013510411486,0.0006449575022210027
0.30488688709182105,0.30454874,0.00033814670485815546,0.00033814670485815546,1.143431940064285e-07
0.31743576619920155,0.30383843,0.013597334364026992,0.013597334364026992,0.0001848875018071493
0.31470672535571703,0.30161065,0.013096076723667471,0.013096076723667471,0.00017150722555218492
0.31547548367284267,0.30231178,0.013163705604300191,0.013163705604300191,0.00017328314523668427
0.32363138499334626,0.30204388,0.021587500000746773,0.021587500000746773,0.0004660201562822419
0.31384174429317224,0.3012811,0.012560649742085817,0.012560649742085817,0.00015776992194336048
0.3064709796294401,0.30011636,0.00635461944190957,0.00635461944190957,4.03811882514951e-05
0.30790561981779097,0.30027115,0.007634466367778758,0.007634466367778758,5.8285076720744986e-05
0.311230934589006,0.298647,0.012583948104478437,0.012583948104478437,0.00015835574989620646
0.33272545808168696,0.29829136,0.034434102710211745,0.034434102710211745,0.0011857074294574117
0.3127505374142696,0.29816577,0.014584769029336142,0.014584769029336142,0.00021271548763908272
0.29506397788924144,0.29794294,-0.0028789585311992383,0.0028789585311992383,8.288402224364876e-06
0.3058224997440884,0.297437,0.00838548754850127,0.00838548754850127,7.031640142606983e-05
0.31404084348449174,0.29953927,0.014501575467676553,0.014501575467676553,0.00021029569104471843
0.31911096325110044,0.29838818,0.0207227801341876,0.0207227801341876,0.0004294336164898803
0.3204022929675504,0.30010927,0.02029302573274816,0.02029302573274816,0.000411806893389979
0.30914064899170846,0.2999946,0.009146061093454061,0.009146061093454061,8.36504335251941e-05
0.31785802026819526,0.30044717,0.017410854302161327,0.017410854302161327,0.0003031378475310896
0.3250501586651653,0.30149898,0.023551179335102423,0.023551179335102423,0.0005546580480741554
0.31813031016480703,0.30266947,0.015460844622967429,0.015460844622967429,0.00023903771645554086
0.31172330842460844,0.30119506,0.010528253178255287,0.010528253178255287,0.00011084411498544255
0.3070739072576517,0.2992862,0.007787720562552836,0.007787720562552836,6.0648591560408256e-05
0.3113225509263998,0.29819882,0.013123731765938396,0.013123731765938396,0.00017223233546430052
0.3125207288361142,0.2973169,0.015203819999749457,0.015203819999749457,0.0002311561425847816
0.3139871020575289,0.2985558,0.015431310679507648,0.015431310679507648,0.0002381253492874868
0.3181574367898454,0.30013767,0.018019767941807707,0.018019767941807707,0.0003247120366766008
0.3228882178319173,0.3004942,0.02239402380115557,0.02239402380115557,0.0005014923020067222
0.30497389702118943,0.3024814,0.0024924841336161907,0.0024924841336161907,6.212477156328453e-06
0.30444006551335856,0.30398968,0.00045038689206644555,0.00045038689206644555,2.0284835254527208e-07
0.3153183539768656,0.30523372,0.010084637012143904,0.010084637012143904,0.00010169990366670274
0.30815692496673147,0.30553427,0.0026226515807298845,0.0026226515807298845,6.878301313904961e-06
0.31754990275360834,0.3036439,0.013905990676658264,0.013905990676658264,0.00019337657669930657
0.32718855563517246,0.30193695,0.025251601375300026,0.025251601375300026,0.0006376433720170541
0.33227710103388264,0.30069527,0.03158183073397114,0.03158183073397114,0.000997412032509204
0.29665574777356946,0.29995313,-0.0032973850942436544,0.0032973850942436544,1.0872748459740234e-05
0.3307221824137578,0.29942802,0.03129416646641586,0.03129416646641586,0.0009793248548277472
0.3193028969188248,0.29896513,0.02033777064280856,0.02033777064280856,0.0004136249147194858
0.3104765073190705,0.29939035,0.011086161507226633,0.011086161507226633,0.0001229029769643135
0.30887347732623605,0.29896963,0.009903850899539268,0.009903850899539268,9.808626264030478e-05
0.3199744088443034,0.29791486,0.022059546211551928,0.022059546211551928,0.000486623579059595
0.31335500051182313,0.29624376,0.01711124350231691,0.01711124350231691,0.0002927946541955826
0.32861347118435863,0.29558226,0.03303120652256969,0.03303120652256969,0.0010910606043366504
0.3144876650629542,0.29635993,0.018127738600780763,0.018127738600780763,0.0003286149067782369
0.32216654724127336,0.29705182,0.025114730062547164,0.025114730062547164,0.0006307496661146103
0.31714965707851367,0.29693642,0.02021323449207263,0.02021323449207263,0.00040857484863151465
0.3406710001023646,0.2976162,0.04305478654226025,0.04305478654226025,0.0018537146441995943
0.3167550414576722,0.2968929,0.019862130261917188,0.019862130261917188,0.00039450421854136654
0.3196719213839697,0.29905578,0.02061613644325011,0.02061613644325011,0.0004250250818467053
0.30356126522673765,0.29902783,0.004533434864417707,0.004533434864417707,2.0552031669917993e-05
0.32164448766506293,0.30025423,0.021390261934166932,0.021390261934166932,0.0004575433056122709
0.3423784420104412,0.29967532,0.042703126391926194,0.042703126391926194,0.0018235570036448233
0.3293950250793326,0.2999767,0.029418318574510827,0.029418318574510827,0.0008654374677514087
0.32733851980755446,0.3001153,0.0272232325036299,0.0272232325036299,0.0007411043879466916
0.305104923738356,0.30005515,0.005049777521009824,0.005049777521009824,2.5500253011696124e-05
0.2339451325621865,0.21488443,0.019060702392127288,0.019060702392127288,0.0003633103756812469
0.21598270037874912,0.21849984,-0.0025171389271285705,0.0025171389271285705,6.335988378465971e-06
0.22773927730576313,0.22122833,0.0065109459783247725,0.0065109459783247725,4.239241753266353e-05
0.24674480499539359,0.22341019,0.02333461584362967,0.02333461584362967,0.0005445042965697728
0.2201110656157232,0.22357646,-0.003465390692641679,0.003465390692641679,1.2008932652647575e-05
0.2178564847988535,0.22717118,-0.009314697833592789,0.009314697833592789,8.676359573113819e-05
0.2233355512334937,0.17878324,0.04455231329938114,0.04455231329938114,0.0019849086203262136
0.21417494114034188,0.17937204,0.03480289872281564,0.03480289872281564,0.0012112417595105626
0.21643259289589517,0.17916813,0.03726445796814554,0.03726445796814554,0.0013886398276596855
0.21726021087112293,0.18102542,0.03623479521217213,0.03623479521217213,0.001312960384068052
0.20031118845327053,0.18430236,0.016008828633858302,0.016008828633858302,0.00025628259422824147
0.2217258675401781,0.18184856,0.03987731173687914,0.03987731173687914,0.0015901999913602387
0.16069812672740302,0.16076384,-6.571812027611479e-05,6.571812027611479e-05,4.318871332625889e-09
0.16241682874398608,0.16077363,0.0016431938334025842,0.0016431938334025842,2.7000859741322794e-06
0.1625058859658102,0.1607709,0.0017349928688863703,0.0017349928688863703,3.0102002550865576e-06
0.16795731395229807,0.16077837,0.007178940472454931,0.007178940472454931,5.153718630705143e-05
0.15786365032244856,0.16076611,-0.002902459501732041,0.002902459501732041,8.424271159194607e-06
0.1598730678677449,0.16075817,-0.0008850996375193709,0.0008850996375193709,7.834013683369218e-07
0.4931927525847067,0.46816427,0.025028487428914448,0.025028487428914448,0.0006264251829793285
0.47602774081277505,0.46722695,0.008800788498398215,0.008800788498398215,7.745387819353832e-05
0.45561981779097144,0.4668848,-0.011264974060072264,0.011264974060072264,0.00012689964057410098
0.4705282014535776,0.46635306,0.004175142638575158,0.004175142638575158,1.743181605244833e-05
0.5053915446821577,0.4657403,0.03965125141776871,0.03965125141776871,0.0015722217389951049
0.4697481830279455,0.46566382,0.004084362522803309,0.004084362522803309,1.6682017217680207e-05
0.18898249564950353,0.17237216,0.016610333307432,0.016610333307432,0.00027590317258398495
0.2076507319070529,0.17001343,0.03763730417267791,0.03763730417267791,0.001416566665386678
0.2052170130003071,0.16962002,0.03559699082261086,0.03559699082261086,0.001267145755625042
0.2100429931415703,0.16737406,0.04266893358365556,0.04266893358365556,0.0018206378931664093
0.21108506500153545,0.16777289,0.04331217586426739,0.04331217586426739,0.0018759445780972264
0.19566639369433925,0.16719815,0.028468242344317884,0.028468242344317884,0.0008104408221748139
0.1267724434435459,0.1648436,-0.03807116052507439,0.03807116052507439,0.0014494132637259828
0.12986283140546626,0.16471624,-0.03485341233843023,0.03485341233843023,0.0012147603516326406
0.19973538745009722,0.17763022,0.02210517156684222,0.02210517156684222,0.0004886386099995296
0.19522315487767425,0.1765978,0.018625351046573785,0.018625351046573785,0.0003469037016081072
0.18516224792711639,0.17874753,0.006414713175224296,0.006414713175224296,4.114854512039617e-05
0.19180673559217934,0.1771152,0.014691533642106097,0.014691533642106097,0.00021584116075713523
0.19354232777152217,0.1764701,0.017072226891852976,0.017072226891852976,0.0002914609310469079
0.20148940526154158,0.17939442,0.022094981299902172,0.022094981299902172,0.0004881881986430267
0.1519362268400041,0.15805683,-0.006120598559394702,0.006120598559394702,3.7461726725264506e-05
0.12904033166137782,0.15908632,-0.03004598516258153,0.03004598516258153,0.0009027612243900694
0.1380990889548572,0.15737969,-0.019280597877570776,0.019280597877570776,0.0003717414545165867
0.14451939809601802,0.15934286,-0.014823457119054612,0.014823457119054612,0.00021973488096045085
0.13684563414883816,0.15922526,-0.02237962110209263,0.02237962110209263,0.0005008474406732297
0.13787491043095504,0.1589797,-0.021104788584662332,0.021104788584662332,0.0004454121012032935
0.12805814310574265,0.15430185,-0.026243708882096095,0.026243708882096095,0.0006887322558882094
0.13584809089978503,0.15754966,-0.02170157347838117,0.02170157347838117,0.000470958291437577
0.12802743371890674,0.1607739,-0.03274646941257825,0.03274646941257825,0.001072331258988923
0.0,0.16199434,-0.1619943380355835,0.1619943380355835,0.026242165555586894
0.1339901729962125,0.16326545,-0.02927527879268979,0.02927527879268979,0.0008570419483897126
0.1348090899785034,0.1667702,-0.03196111492319184,0.03196111492319184,0.0010215128671334762
0.21551898863752686,0.1723691,0.04314989593466126,0.04314989593466126,0.0018619135191720961
0.2024879721568226,0.17245683,0.030031141416847623,0.030031141416847623,0.0009018694547987007
0.2172786365032245,0.17247769,0.044800944137578125,0.044800944137578125,0.0020071245956183956
0.2234722080049135,0.17248163,0.050990581732711954,0.050990581732711954,0.002600039425440378
0.21101494523492678,0.172436,0.038578946318300805,0.038578946318300805,0.0014883350990303353
0.20604514279864877,0.1721932,0.03385194340251535,0.03385194340251535,0.0011459540721271025
0.21262769986692598,0.17238304,0.04024465967718294,0.04024465967718294,0.0016196326325322741
0.20650117719316205,0.17254677,0.03395440304422101,0.03395440304422101,0.001152901486089405
0.20586805200122835,0.17318046,0.03268759107135774,0.03268759107135774,0.0010684786100483062
0.20984645306582045,0.17359322,0.03625322997088026,0.03625322997088026,0.001314296683321531
0.21622632818098064,0.17420569,0.04202063755865093,0.04202063755865093,0.0017657339808355053
0.22572167059064388,0.17464298,0.051078690491919515,0.051078690491919515,0.002609032622369309
0.20655133585832736,0.17517832,0.03137301664255282,0.03137301664255282,0.0009842661732538962
0.2050194492783294,0.17534009,0.02967936305663446,0.02967936305663446,0.0008808645914475184
0.21181441293888834,0.17538661,0.0364278052919462,0.0364278052919462,0.0013269849983879433
0.20853874500972464,0.1754584,0.03308034356815054,0.03308034356815054,0.0010943091305868787
0.2169909919131948,0.17474517,0.04224581965100302,0.04224581965100302,0.0017847092779850729
0.2062191626573856,0.17482084,0.03139832229865147,0.03139832229865147,0.0009858546431699942
0.20605589108404135,0.17431146,0.031744432019557706,0.031744432019557706,0.0010077089642443204
0.20313747568840207,0.17430538,0.028832096297685517,0.028832096297685517,0.0008312897769190109
0.20616849216910635,0.1732265,0.032941986651146754,0.032941986651146754,0.001085174484524331
0.21261797522776127,0.17276722,0.03985075330011845,0.03985075330011845,0.0015880825385869012
0.25409509673456854,0.22005558,0.03403951659540838,0.03403951659540838,0.0011586886900490825
0.22365799979527076,0.21795896,0.005699042838407359,0.005699042838407359,3.2479089274002204e-05
0.2558025386426451,0.21272129,0.04308125043845201,0.04308125043845201,0.0018559941393406216
0.2504913501893746,0.21347696,0.037014394298719056,0.037014394298719056,0.0013700653853010458
0.24430903879619204,0.21404219,0.030266852059131488,0.030266852059131488,0.000916082333569352
0.24207288361142387,0.21563679,0.0264360938126873,0.0264360938126873,0.0006988670560732037
0.13773159995905415,0.16318947,-0.025457870808920702,0.025457870808920702,0.0006481031861236968
0.13121865083427167,0.16522786,-0.03400920937805438,0.03400920937805438,0.0011566263225203418
0.13309960077797112,0.16608694,-0.03298734117950264,0.03298734117950264,0.0010881646780929106
0.13224485617770498,0.1631197,-0.030874847353560275,0.030874847353560275,0.000953256199105648
0.12375882894871532,0.159898,-0.03613916902663411,0.03613916902663411,0.0013060395379356302
0.1292762821169004,0.1596463,-0.030370020344723747,0.030370020344723747,0.0009223381357389343
0.12507677346708976,0.18419945,-0.05912267893311776,0.05912267893311776,0.003495491164228527
0.1266501177193162,0.18159372,-0.05494359842524557,0.05494359842524557,0.0030187990079146476
0.12398096018016173,0.17785466,-0.053873696992995004,0.053873696992995004,0.002902375227693039
0.13252431159791175,0.17734882,-0.04482451075735863,0.04482451075735863,0.0020092367646365595
0.1290382843689221,0.17580166,-0.04676338022191348,0.04676338022191348,0.002186813729779249
0.12730064489712356,0.17225435,-0.04495370886454941,0.04495370886454941,0.0020208359406786685
0.23395895178626266,0.23300004,0.0009589117319413754,0.0009589117319413754,9.195117096548081e-07
0.2454294195925888,0.23221743,0.013211988524168383,0.013211988524168383,0.00017455664076275706
0.21612805814310573,0.23320645,-0.017078392796072733,0.017078392796072733,0.000291671500496949
0.23211127034496876,0.23319364,-0.0010823655955830014,0.0010823655955830014,1.1715152825017453e-06
0.22039359197461356,0.23058993,-0.010196334268214813,0.010196334268214813,0.0001039652325091717
0.21855563517248439,0.23157051,-0.013014876883866322,0.013014876883866322,0.00016938702030219795
0.19561521138294602,0.1655612,0.030054012194713597,0.030054012194713597,0.0009032436489999936
0.18697307810420719,0.1654543,0.021518779846379427,0.021518779846379427,0.0004630578860769454
0.19562493602211076,0.16518375,0.030441183246918496,0.030441183246918496,0.0009266656374724713
0.19525795884942165,0.16520265,0.030055311401835594,0.030055311401835594,0.0009033217434613087
0.19746340464735385,0.164935,0.03252841185713168,0.03252841185713168,0.0010580975779471847
0.20242962432183437,0.16475675,0.037672879221813005,0.037672879221813005,0.00141924582886131
0.20644845941242707,0.16485241,0.0415960488575412,0.0415960488575412,0.0017302312805589546
0.20983365748797217,0.16556124,0.044272413596256166,0.044272413596256166,0.0019600466056379677
0.20479885351622476,0.16621289,0.038585966944340605,0.038585966944340605,0.001488876845029746
0.21422868256730473,0.1667741,0.04745458846253789,0.04745458846253789,0.002251937966148834
0.19399375575801003,0.16711506,0.026878693282805566,0.026878693282805566,0.000722464152591137
0.21270652062647147,0.16681889,0.045887633631155916,0.045887633631155916,0.0021056749202671915
0.1910712457774593,0.16646475,0.024606499779076724,0.024606499779076724,0.0006054798313777028
0.1944037260722694,0.16600823,0.02839549204822156,0.02839549204822156,0.0008063039686606138
0.18744241989968266,0.16540836,0.022034061921815534,0.022034061921815534,0.0004854998847744013
0.18820913092435254,0.16486439,0.023344739835866823,0.023344739835866823,0.0005449768780043074
0.19073088340669464,0.16443509,0.026295794772203673,0.026295794772203673,0.000691468822701854
0.20291483263384172,0.16419236,0.038722469014037336,0.038722469014037336,0.0014994296065430816
0.18473129286518578,0.16436204,0.02036924972286705,0.02036924972286705,0.0004149063342725194
0.19494165216501175,0.16429615,0.030645501957492216,0.030645501957492216,0.0009391467902266593
0.19783447640495444,0.16427407,0.03356040971832419,0.03356040971832419,0.0011263011004617888
0.19706059985668953,0.16417226,0.032888337903335646,0.032888337903335646,0.0010816427700439842
0.2088837137885147,0.16384901,0.04503470272493895,0.04503470272493895,0.0020281244495236237
0.2143648275156106,0.16385202,0.05051280641747369,0.05051280641747369,0.002551543612169171
0.21259340771829252,0.16362695,0.048966453758827494,0.048966453758827494,0.002397713593715391
0.20089159586446922,0.16339208,0.037499514007741624,0.037499514007741624,0.0014062135508168103
0.20467192138396967,0.1632991,0.04137282277309168,0.04137282277309168,0.0017117104642136534
0.2027505374142696,0.163291,0.03945953013391987,0.03945953013391987,0.00155705451838973
0.20021803664653495,0.19007397,0.010144069666554484,0.010144069666554484,0.0001029021493999108
0.1859873067867745,0.1940285,-0.008041189955474037,0.008041189955474037,6.466073590001655e-05
0.1920396151090183,0.19946218,-0.007422560260244404,0.007422560260244404,5.5094400816959475e-05
0.18915395639267066,0.20294443,-0.013790471335982296,0.013790471335982296,0.00019017709966854933
0.19152011464837748,0.20431563,-0.012795517933333334,0.012795517933333334,0.00016372527918225493
0.1823461971542635,0.19961962,-0.017273423884173383,0.017273423884173383,0.0002983711726823315
0.14624936022110757,0.1678872,-0.0216378357236785,0.0216378357236785,0.00046819593480489747
0.13347783805916674,0.1669327,-0.03345486400534742,0.03345486400534742,0.0011192279256162902
0.13515559422663528,0.16915551,-0.03399991405316513,0.03399991405316513,0.0011559941556226157
0.14094277817586243,0.16540498,-0.024462197238413697,0.024462197238413697,0.0005983990937310547
0.15918927218753198,0.1644544,-0.005265128351866211,0.005265128351866211,2.77215765616254e-05
0.15033677960896713,0.16548896,-0.015152178749797518,0.015152178749797518,0.00022958852086581548
0.14587624117105127,0.16672972,-0.020853477275680293,0.020853477275680293,0.0004348675144873144
0.14160405363906234,0.167231,-0.025626939870230264,0.025626939870230264,0.0006567400471123976
0.1374204115057836,0.17043826,-0.033017848334227995,0.033017848334227995,0.0010901783086220823
0.13103951274439551,0.17064568,-0.03960617125943444,0.03960617125943444,0.0015686488018316507
0.15341027740812774,0.1741507,-0.020740427929396676,0.020740427929396676,0.00043016535069449773
0.13860374654519397,0.17425194,-0.03564819728148144,0.03564819728148144,0.001270793969419421
0.13951939809601802,0.17376846,-0.03424906265456182,0.03424906265456182,0.001172998292716101
0.14820298904698537,0.17195936,-0.023756366426533004,0.023756366426533004,0.0005643649457917045
0.13758880131026718,0.1693924,-0.03180360563019302,0.03180360563019302,0.0010114693310808453
0.14547036544170333,0.16684932,-0.021378949724770058,0.021378949724770058,0.00045705949133424575
0.1403214249155492,0.16571835,-0.025396921918633547,0.025396921918633547,0.0006450036429411691
0.14209284471286723,0.16457942,-0.022486576568947342,0.022486576568947342,0.0005056461257911316
0.15575545091616336,0.16284621,-0.007090756702550022,0.007090756702550022,5.027883061475806e-05
0.13694236871737128,0.16094947,-0.024007099895299616,0.024007099895299616,0.0005763408453828948
0.2274557273006449,0.16089256,0.0665631662225733,0.0665631662225733,0.004430655097573923
0.1352139420616235,0.15946126,-0.024247317780295458,0.024247317780295458,0.0005879324195386322
0.13417596478656976,0.15936051,-0.02518454830451758,0.02518454830451758,0.0006342614733025792
0.1365810215989354,0.16099812,-0.024417099305033413,0.024417099305033413,0.0005961947384718632
0.13905517453168184,0.16285646,-0.023801285085932905,0.023801285085932905,0.0005665011717418521
0.15414167263793632,0.16550997,-0.011368296358111651,0.011368296358111651,0.00012923816208585464
0.14617975227761285,0.16668913,-0.02050937540602668,0.02050937540602668,0.00042063447954533207
0.13825775412017605,0.16850379,-0.030246036973650248,0.030246036973650248,0.0009148227526114179
0.14266659842358478,0.17066586,-0.027999261752501642,0.027999261752501642,0.0007839586586851013
0.12789231241682875,0.16882256,-0.04093024431725634,0.04093024431725634,0.0016752848998702946
0.14068123656464326,0.17021093,-0.029529691160194993,0.029529691160194993,0.0008720026600164984
0.14839133995291226,0.16988891,-0.02149757367852695,0.02149757367852695,0.0004621456740636947
0.13715119254785546,0.16936208,-0.032210890529575265,0.032210890529575265,0.0010375414687082815
0.22975330125908486,0.16967574,0.06007756363968483,0.06007756363968483,0.003609313652880381
0.21815743678984545,0.17006868,0.04808875554976366,0.04808875554976366,0.0023125284103249254
0.22815180673559218,0.16948867,0.05866313829381972,0.05866313829381972,0.003441363794479818
0.14775309652983928,0.17013985,-0.02238675265610432,0.02238675265610432,0.0005011666944855938
0.14059269116593306,0.17042738,-0.029834690826407023,0.029834690826407023,0.0008901087767072954
0.13939963148735796,0.172061,-0.03266136480666365,0.03266136480666365,0.001066764751033967
0.15111884532705497,0.16910598,-0.017987131492937097,0.017987131492937097,0.00032353689934420954
0.122942982905108,0.1664362,-0.04349321246842716,0.04349321246842716,0.001891659530823748
0.14076517555532808,0.16675621,-0.025991037156006147,0.025991037156006147,0.0006755340124448921
0.1409248643668748,0.16391945,-0.02299458448566427,0.02299458448566427,0.000528750915668352
0.1338197358992732,0.16105631,-0.02723657403915758,0.02723657403915758,0.0007418309653905126
0.14553690244651446,0.1584582,-0.012921300630801824,0.012921300630801824,0.00016696000999155962
0.1374465144845941,0.1566044,-0.019157879832079172,0.019157879832079172,0.00036702435966038587
0.1409105333196847,0.15709372,-0.01618318532827215,0.01618318532827215,0.00026189548736920294
0.13408741938785956,0.15772384,-0.02363642466350152,0.02363642466350152,0.000558680570873383
0.13568226021087113,0.15836254,-0.022680277411580657,0.022680277411580657,0.0005143949834662557
0.13398096018016173,0.15656954,-0.02258858032047914,0.02258858032047914,0.0005102439608947375
0.15790715528713276,0.15966931,-0.0017621545673746908,0.0017621545673746908,3.1051887193194837e-06
0.23009519909919132,0.16217104,0.06792416309417118,0.06792416309417118,0.004613691932043566
0.129504555225714,0.16239636,-0.032891801237718316,0.032891801237718316,0.001081870588661568
0.1329240454498925,0.16158104,-0.028656993978818435,0.028656993978818435,0.0008212233039020361
0.21687122530453476,0.19325855,0.023612671561172333,0.023612671561172333,0.0005575582582557966
0.2134880745214454,0.19663149,0.016856583337210768,0.016856583337210768,0.0002841444018043317
0.20503326850240555,0.19800666,0.007026608756235508,0.007026608756235508,4.937323061320552e-05
0.21081482239737945,0.20129853,0.009516287527231743,0.009516287527231743,9.055972830094643e-05
0.2194119152420923,0.20461541,0.014796501099483661,0.014796501099483661,0.00021893644478702119
0.21090848602722898,0.20446715,0.006441338438499117,0.006441338438499117,4.149084087928624e-05
